hb=20150412101921;pr=62.5;temp=36.8;at=81;me=60;conc=50;med=50;resp=12;z1=0;z2=0;z3=0;z4=0;z5=0;z6=0;z7=0;z8=0;z9=0
hb=20150412101922;pr=62.3;temp=37.0;at=67;me=53;conc=50;med=50;resp=12;z1=0;z2=0;z3=0;z4=0;z5=0;z6=0;z7=0;z8=0;z9=0
hb=20150412101923;pr=62.2;temp=37.0;at=61;me=70;conc=50;med=50;resp=12;z1=0;z2=0;z3=0;z4=0;z5=0;z6=0;z7=0;z8=0;z9=0
hb=20150412101924;pr=63.9;temp=36.7;at=66;me=84;conc=50;med=50;resp=12;z1=0;z2=0;z3=0;z4=0;z5=0;z6=0;z7=0;z8=0;z9=0
hb=20150412101925;pr=61.6;temp=36.5;at=77;me=94;conc=50;med=50;resp=12;z1=0;z2=0;z3=0;z4=0;z5=0;z6=0;z7=0;z8=0;z9=0
hb=20150412101926;pr=61.9;temp=36.6;at=74;me=90;conc=50;med=50;resp=12;z1=0;z2=0;z3=0;z4=0;z5=0;z6=0;z7=0;z8=0;z9=0
hb=20150412101927;pr=60.1;temp=36.5;at=100;me=60;conc=50;med=50;resp=12;z1=0;z2=0;z3=0;z4=0;z5=0;z6=0;z7=0;z8=0;z9=0
hb=20150412101928;pr=61.3;temp=36.6;at=100;me=48;conc=50;med=50;resp=12;z1=0;z2=0;z3=0;z4=0;z5=0;z6=0;z7=0;z8=0;z9=0
hb=20150412101929;pr=61.9;temp=36.6;at=100;me=50;conc=50;med=50;resp=12;z1=0;z2=0;z3=0;z4=0;z5=0;z6=0;z7=0;z8=0;z9=0
hb=20150412101930;pr=63.1;temp=36.5;at=100;me=40;conc=50;med=50;resp=12;z1=0;z2=0;z3=0;z4=0;z5=0;z6=0;z7=0;z8=0;z9=0
hb=20150412101932;pr=60.2;temp=36.7;at=94;me=63;conc=50;med=50;resp=12;z1=0;z2=0;z3=0;z4=0;z5=0;z6=0;z7=0;z8=0;z9=0
hb=20150412101933;pr=60.6;temp=36.6;at=83;me=66;conc=50;med=50;resp=12;z1=0;z2=0;z3=0;z4=0;z5=0;z6=0;z7=0;z8=0;z9=0
hb=20150412101934;pr=63.8;temp=36.8;at=74;me=66;conc=50;med=50;resp=12;z1=0;z2=0;z3=0;z4=0;z5=0;z6=0;z7=0;z8=0;z9=0
hb=20150412101935;pr=65.9;temp=36.9;at=75;me=38;conc=50;med=50;resp=12;z1=0;z2=0;z3=0;z4=0;z5=0;z6=0;z7=0;z8=0;z9=0
hb=20150412101936;pr=60.2;temp=37.0;at=81;me=47;conc=50;med=50;resp=12;z1=0;z2=0;z3=0;z4=0;z5=0;z6=0;z7=0;z8=0;z9=0
hb=20150412101937;pr=66.2;temp=36.9;at=91;me=41;conc=50;med=50;resp=12;z1=0;z2=0;z3=0;z4=0;z5=0;z6=0;z7=0;z8=0;z9=0
hb=20150412101938;pr=63.1;temp=36.7;at=100;me=43;conc=50;med=50;resp=12;z1=0;z2=0;z3=0;z4=0;z5=0;z6=0;z7=0;z8=0;z9=0
hb=20150412101939;pr=61.6;temp=36.7;at=94;me=57;conc=50;med=50;resp=12;z1=0;z2=0;z3=0;z4=0;z5=0;z6=0;z7=0;z8=0;z9=0
hb=20150412101940;pr=60.1;temp=36.6;at=74;me=43;conc=50;med=50;resp=12;z1=0;z2=0;z3=0;z4=0;z5=0;z6=0;z7=0;z8=0;z9=0
hb=20150412101941;pr=64.0;temp=36.8;at=61;me=56;conc=50;med=50;resp=12;z1=0;z2=0;z3=0;z4=0;z5=0;z6=0;z7=0;z8=0;z9=0
hb=20150412101944;pr=61.6;temp=37.0;at=44;me=64;conc=50;med=50;resp=12;z1=0;z2=0;z3=0;z4=0;z5=0;z6=0;z7=0;z8=0;z9=0
hb=20150412101945;pr=62.5;temp=36.7;at=67;me=83;conc=50;med=50;resp=12;z1=0;z2=0;z3=0;z4=0;z5=0;z6=0;z7=0;z8=0;z9=0
hb=20150412101946;pr=60.6;temp=36.9;at=63;me=67;conc=50;med=50;resp=12;z1=0;z2=0;z3=0;z4=0;z5=0;z6=0;z7=0;z8=0;z9=0
hb=20150412101947;pr=60.9;temp=36.9;at=74;me=53;conc=50;med=50;resp=12;z1=0;z2=0;z3=0;z4=0;z5=0;z6=0;z7=0;z8=0;z9=0
hb=20150412101948;pr=62.9;temp=37.0;at=88;me=61;conc=50;med=50;resp=12;z1=0;z2=0;z3=0;z4=0;z5=0;z6=0;z7=0;z8=0;z9=0
hb=20150412101949;pr=60.3;temp=36.5;at=100;me=48;conc=50;med=50;resp=12;z1=0;z2=0;z3=0;z4=0;z5=0;z6=0;z7=0;z8=0;z9=0
hb=20150412101950;pr=61.8;temp=36.9;at=100;me=47;conc=50;med=50;resp=12;z1=0;z2=0;z3=0;z4=0;z5=0;z6=0;z7=0;z8=0;z9=0
hb=20150412101951;pr=63.7;temp=36.7;at=100;me=47;conc=50;med=50;resp=12;z1=0;z2=0;z3=0;z4=0;z5=0;z6=0;z7=0;z8=0;z9=0
hb=20150412101952;pr=65.2;temp=36.5;at=84;me=44;conc=50;med=50;resp=12;z1=0;z2=0;z3=0;z4=0;z5=0;z6=0;z7=0;z8=0;z9=0
hb=20150412101953;pr=64.8;temp=36.6;at=54;me=24;conc=50;med=50;resp=12;z1=0;z2=0;z3=0;z4=0;z5=0;z6=0;z7=0;z8=0;z9=0
hb=20150412101954;pr=64.3;temp=37.0;at=54;me=24;conc=50;med=50;resp=12;z1=0;z2=0;z3=0;z4=0;z5=0;z6=0;z7=0;z8=0;z9=0
hb=20150412101955;pr=63.1;temp=37.0;at=10;me=16;conc=50;med=50;resp=12;z1=0;z2=0;z3=0;z4=0;z5=0;z6=0;z7=0;z8=0;z9=0
hb=20150412101956;pr=62.7;temp=36.7;at=1;me=24;conc=50;med=50;resp=12;z1=0;z2=0;z3=0;z4=0;z5=0;z6=0;z7=0;z8=0;z9=0
hb=20150412101957;pr=63.7;temp=36.5;at=7;me=38;conc=50;med=50;resp=12;z1=0;z2=0;z3=0;z4=0;z5=0;z6=0;z7=0;z8=0;z9=0
hb=20150412101959;pr=62.4;temp=37.0;at=24;me=40;conc=50;med=50;resp=12;z1=0;z2=0;z3=0;z4=0;z5=0;z6=0;z7=0;z8=0;z9=0
hb=20150412102000;pr=63.4;temp=36.7;at=41;me=21;conc=50;med=50;resp=12;z1=0;z2=0;z3=0;z4=0;z5=0;z6=0;z7=0;z8=0;z9=0
hb=20150412102001;pr=60.8;temp=37.0;at=48;me=14;conc=50;med=50;resp=12;z1=0;z2=0;z3=0;z4=0;z5=0;z6=0;z7=0;z8=0;z9=0
hb=20150412102002;pr=65.4;temp=36.9;at=53;me=23;conc=50;med=50;resp=12;z1=0;z2=0;z3=0;z4=0;z5=0;z6=0;z7=0;z8=0;z9=0
hb=20150412102003;pr=60.2;temp=36.9;at=43;me=53;conc=50;med=50;resp=12;z1=0;z2=0;z3=0;z4=0;z5=0;z6=0;z7=0;z8=0;z9=0
hb=20150412102004;pr=62.5;temp=36.8;at=50;me=60;conc=50;med=50;resp=12;z1=0;z2=0;z3=0;z4=0;z5=0;z6=0;z7=0;z8=0;z9=0
hb=20150412102005;pr=60.8;temp=36.9;at=51;me=81;conc=50;med=50;resp=12;z1=0;z2=0;z3=0;z4=0;z5=0;z6=0;z7=0;z8=0;z9=0
hb=20150412102006;pr=60.9;temp=36.7;at=43;me=75;conc=50;med=50;resp=12;z1=0;z2=0;z3=0;z4=0;z5=0;z6=0;z7=0;z8=0;z9=0
hb=20150412102007;pr=61.0;temp=36.7;at=50;me=54;conc=50;med=50;resp=12;z1=0;z2=0;z3=0;z4=0;z5=0;z6=0;z7=0;z8=0;z9=0
hb=20150412102008;pr=65.9;temp=36.5;at=54;me=56;conc=50;med=50;resp=12;z1=0;z2=0;z3=0;z4=0;z5=0;z6=0;z7=0;z8=0;z9=0
hb=20150412102009;pr=61.5;temp=37.0;at=61;me=34;conc=50;med=50;resp=12;z1=0;z2=0;z3=0;z4=0;z5=0;z6=0;z7=0;z8=0;z9=0
hb=20150412102010;pr=60.0;temp=36.7;at=61;me=24;conc=50;med=50;resp=12;z1=0;z2=0;z3=0;z4=0;z5=0;z6=0;z7=0;z8=0;z9=0
hb=20150412102011;pr=65.7;temp=36.8;at=61;me=30;conc=50;med=50;resp=12;z1=0;z2=0;z3=0;z4=0;z5=0;z6=0;z7=0;z8=0;z9=0
hb=20150412102012;pr=61.3;temp=36.9;at=74;me=24;conc=50;med=50;resp=12;z1=0;z2=0;z3=0;z4=0;z5=0;z6=0;z7=0;z8=0;z9=0
hb=20150412102014;pr=63.7;temp=36.9;at=96;me=47;conc=50;med=50;resp=12;z1=0;z2=0;z3=0;z4=0;z5=0;z6=0;z7=0;z8=0;z9=0
hb=20150412102015;pr=65.8;temp=36.6;at=97;me=53;conc=50;med=50;resp=12;z1=0;z2=0;z3=0;z4=0;z5=0;z6=0;z7=0;z8=0;z9=0
hb=20150412102016;pr=66.0;temp=36.6;at=100;me=47;conc=50;med=50;resp=12;z1=0;z2=0;z3=0;z4=0;z5=0;z6=0;z7=0;z8=0;z9=0
hb=20150412102017;pr=66.2;temp=37.0;at=100;me=30;conc=50;med=50;resp=12;z1=0;z2=0;z3=0;z4=0;z5=0;z6=0;z7=0;z8=0;z9=0
hb=20150412102018;pr=65.8;temp=36.7;at=83;me=26;conc=50;med=50;resp=12;z1=0;z2=0;z3=0;z4=0;z5=0;z6=0;z7=0;z8=0;z9=0
hb=20150412102019;pr=64.3;temp=36.8;at=81;me=8;conc=50;med=50;resp=12;z1=0;z2=0;z3=0;z4=0;z5=0;z6=0;z7=0;z8=0;z9=0
hb=20150412102020;pr=61.7;temp=36.6;at=57;me=14;conc=50;med=50;resp=12;z1=0;z2=0;z3=0;z4=0;z5=0;z6=0;z7=0;z8=0;z9=0
hb=20150412102021;pr=65.9;temp=36.9;at=38;me=38;conc=50;med=50;resp=12;z1=0;z2=0;z3=0;z4=0;z5=0;z6=0;z7=0;z8=0;z9=0
hb=20150412102022;pr=61.7;temp=36.9;at=51;me=44;conc=50;med=50;resp=12;z1=0;z2=0;z3=0;z4=0;z5=0;z6=0;z7=0;z8=0;z9=0
hb=20150412102023;pr=64.3;temp=36.5;at=50;me=67;conc=50;med=50;resp=12;z1=0;z2=0;z3=0;z4=0;z5=0;z6=0;z7=0;z8=0;z9=0
hb=20150412102024;pr=63.0;temp=36.8;at=60;me=70;conc=50;med=50;resp=12;z1=0;z2=0;z3=0;z4=0;z5=0;z6=0;z7=0;z8=0;z9=0
hb=20150412102025;pr=64.0;temp=36.8;at=69;me=63;conc=50;med=50;resp=12;z1=0;z2=0;z3=0;z4=0;z5=0;z6=0;z7=0;z8=0;z9=0
hb=20150412102026;pr=60.8;temp=36.8;at=77;me=63;conc=50;med=50;resp=12;z1=0;z2=0;z3=0;z4=0;z5=0;z6=0;z7=0;z8=0;z9=0
hb=20150412102027;pr=64.2;temp=37.0;at=50;me=60;conc=50;med=50;resp=12;z1=0;z2=0;z3=0;z4=0;z5=0;z6=0;z7=0;z8=0;z9=0
hb=20150412102029;pr=61.1;temp=36.5;at=60;me=64;conc=50;med=50;resp=12;z1=0;z2=0;z3=0;z4=0;z5=0;z6=0;z7=0;z8=0;z9=0
hb=20150412102030;pr=66.1;temp=36.5;at=60;me=60;conc=50;med=50;resp=12;z1=0;z2=0;z3=0;z4=0;z5=0;z6=0;z7=0;z8=0;z9=0
hb=20150412102031;pr=60.2;temp=36.6;at=74;me=74;conc=50;med=50;resp=12;z1=0;z2=0;z3=0;z4=0;z5=0;z6=0;z7=0;z8=0;z9=0
hb=20150412102032;pr=66.0;temp=36.7;at=87;me=56;conc=50;med=50;resp=12;z1=0;z2=0;z3=0;z4=0;z5=0;z6=0;z7=0;z8=0;z9=0
hb=20150412102033;pr=64.8;temp=36.6;at=81;me=64;conc=50;med=50;resp=12;z1=0;z2=0;z3=0;z4=0;z5=0;z6=0;z7=0;z8=0;z9=0
hb=20150412102034;pr=64.3;temp=36.5;at=78;me=63;conc=50;med=50;resp=12;z1=0;z2=0;z3=0;z4=0;z5=0;z6=0;z7=0;z8=0;z9=0
hb=20150412102035;pr=64.8;temp=36.6;at=78;me=70;conc=50;med=50;resp=12;z1=0;z2=0;z3=0;z4=0;z5=0;z6=0;z7=0;z8=0;z9=0
hb=20150412102036;pr=62.0;temp=36.7;at=63;me=74;conc=50;med=50;resp=12;z1=0;z2=0;z3=0;z4=0;z5=0;z6=0;z7=0;z8=0;z9=0
hb=20150412102037;pr=61.3;temp=36.7;at=63;me=66;conc=50;med=50;resp=12;z1=0;z2=0;z3=0;z4=0;z5=0;z6=0;z7=0;z8=0;z9=0
hb=20150412102038;pr=64.7;temp=36.6;at=70;me=70;conc=50;med=50;resp=12;z1=0;z2=0;z3=0;z4=0;z5=0;z6=0;z7=0;z8=0;z9=0
hb=20150412102039;pr=62.3;temp=36.7;at=78;me=60;conc=50;med=50;resp=12;z1=0;z2=0;z3=0;z4=0;z5=0;z6=0;z7=0;z8=0;z9=0
hb=20150412102040;pr=63.6;temp=36.8;at=78;me=63;conc=50;med=50;resp=12;z1=0;z2=0;z3=0;z4=0;z5=0;z6=0;z7=0;z8=0;z9=0
hb=20150412102041;pr=66.1;temp=36.8;at=77;me=54;conc=50;med=50;resp=12;z1=0;z2=0;z3=0;z4=0;z5=0;z6=0;z7=0;z8=0;z9=0
hb=20150412102042;pr=60.7;temp=36.5;at=69;me=57;conc=50;med=50;resp=12;z1=0;z2=0;z3=0;z4=0;z5=0;z6=0;z7=0;z8=0;z9=0
hb=20150412102043;pr=66.1;temp=36.9;at=78;me=67;conc=50;med=50;resp=12;z1=0;z2=0;z3=0;z4=0;z5=0;z6=0;z7=0;z8=0;z9=0
hb=20150412102044;pr=64.7;temp=36.5;at=83;me=83;conc=50;med=50;resp=12;z1=0;z2=0;z3=0;z4=0;z5=0;z6=0;z7=0;z8=0;z9=0
hb=20150412102046;pr=65.6;temp=36.6;at=91;me=74;conc=50;med=50;resp=12.2;z1=0;z2=0;z3=0;z4=0;z5=0;z6=0;z7=0;z8=0;z9=0
hb=20150412102047;pr=65.7;temp=36.0;at=100;me=54;conc=50;med=50;resp=12.4;z1=0;z2=0;z3=0;z4=0;z5=0;z6=0;z7=0;z8=0;z9=0
hb=20150412102048;pr=63.9;temp=36.7;at=100;me=54;conc=50;med=50;resp=12.5;z1=0;z2=0;z3=0;z4=0;z5=0;z6=0;z7=0;z8=0;z9=0
hb=20150412102049;pr=65.3;temp=36.7;at=97;me=61;conc=50;med=50;resp=12.4;z1=0;z2=0;z3=0;z4=0;z5=0;z6=0;z7=0;z8=0;z9=0
hb=20150412102050;pr=65.1;temp=36.0;at=93;me=77;conc=50;med=50;resp=12.7;z1=0;z2=0;z3=0;z4=0;z5=0;z6=0;z7=0;z8=0;z9=0
hb=20150412102051;pr=71.1;temp=36.0;at=91;me=77;conc=50;med=50;resp=12.7;z1=0;z2=0;z3=0;z4=0;z5=0;z6=0;z7=0;z8=0;z9=0
hb=20150412102052;pr=69.9;temp=36.1;at=83;me=74;conc=50;med=50;resp=12.6;z1=0;z2=0;z3=0;z4=0;z5=0;z6=0;z7=0;z8=0;z9=0
hb=20150412102053;pr=73.3;temp=36.0;at=66;me=53;conc=50;med=50;resp=12.9;z1=0;z2=0;z3=0;z4=0;z5=0;z6=0;z7=0;z8=0;z9=0
hb=20150412102054;pr=73.3;temp=36.1;at=35;me=48;conc=50;med=50;resp=12.3;z1=0;z2=0;z3=0;z4=0;z5=0;z6=0;z7=0;z8=0;z9=0
hb=20150412102055;pr=75.2;temp=36.4;at=47;me=50;conc=50;med=50;resp=12.2;z1=0;z2=0;z3=0;z4=0;z5=0;z6=0;z7=0;z8=0;z9=0
hb=20150412102056;pr=73.4;temp=36.1;at=57;me=61;conc=50;med=50;resp=12.7;z1=0;z2=0;z3=0;z4=0;z5=0;z6=0;z7=0;z8=0;z9=0
hb=20150412102058;pr=75.5;temp=36.8;at=67;me=66;conc=50;med=50;resp=12.4;z1=0;z2=0;z3=0;z4=0;z5=0;z6=0;z7=0;z8=0;z9=0
hb=20150412102059;pr=79.4;temp=36.3;at=74;me=74;conc=50;med=50;resp=12.3;z1=0;z2=0;z3=0;z4=0;z5=0;z6=0;z7=0;z8=0;z9=0
hb=20150412102100;pr=78.5;temp=36.8;at=57;me=83;conc=50;med=50;resp=12.9;z1=0;z2=0;z3=0;z4=0;z5=0;z6=0;z7=0;z8=0;z9=0
hb=20150412102101;pr=78.0;temp=36.1;at=67;me=83;conc=50;med=50;resp=12.5;z1=0;z2=0;z3=0;z4=0;z5=0;z6=0;z7=0;z8=0;z9=0
hb=20150412102102;pr=78.8;temp=36.8;at=63;me=78;conc=50;med=50;resp=13.0;z1=0;z2=0;z3=0;z4=0;z5=0;z6=0;z7=0;z8=0;z9=0
hb=20150412102103;pr=79.1;temp=36.6;at=74;me=69;conc=50;med=50;resp=12.9;z1=0;z2=0;z3=0;z4=0;z5=0;z6=0;z7=0;z8=0;z9=0
hb=20150412102104;pr=80.5;temp=36.7;at=80;me=53;conc=50;med=50;resp=12.7;z1=0;z2=0;z3=0;z4=0;z5=0;z6=0;z7=0;z8=0;z9=0
hb=20150412102105;pr=80.5;temp=36.8;at=69;me=57;conc=50;med=50;resp=12.6;z1=0;z2=0;z3=0;z4=0;z5=0;z6=0;z7=0;z8=0;z9=0
hb=20150412102106;pr=83.8;temp=36.9;at=84;me=53;conc=50;med=50;resp=12.5;z1=0;z2=0;z3=0;z4=0;z5=0;z6=0;z7=0;z8=0;z9=0
hb=20150412102107;pr=85.3;temp=36.3;at=84;me=53;conc=50;med=50;resp=12.7;z1=0;z2=0;z3=0;z4=0;z5=0;z6=0;z7=0;z8=0;z9=0
hb=20150412102108;pr=87.6;temp=36.6;at=69;me=51;conc=50;med=50;resp=12.6;z1=0;z2=0;z3=0;z4=0;z5=0;z6=0;z7=0;z8=0;z9=0
hb=20150412102109;pr=83.1;temp=36.9;at=56;me=44;conc=50;med=50;resp=12.5;z1=0;z2=0;z3=0;z4=0;z5=0;z6=0;z7=0;z8=0;z9=0
hb=20150412102110;pr=84.8;temp=36.3;at=56;me=44;conc=50;med=50;resp=13.2;z1=0;z2=0;z3=0;z4=0;z5=0;z6=0;z7=0;z8=0;z9=0
hb=20150412102111;pr=85.2;temp=36.4;at=29;me=48;conc=50;med=50;resp=13.2;z1=0;z2=0;z3=0;z4=0;z5=0;z6=0;z7=0;z8=0;z9=0
hb=20150412102113;pr=91.4;temp=36.7;at=41;me=56;conc=50;med=50;resp=13.0;z1=0;z2=0;z3=0;z4=0;z5=0;z6=0;z7=0;z8=0;z9=0
hb=20150412102114;pr=87.7;temp=36.5;at=26;me=61;conc=50;med=50;resp=12.9;z1=0;z2=0;z3=0;z4=0;z5=0;z6=0;z7=0;z8=0;z9=0
hb=20150412102115;pr=89.6;temp=36.3;at=44;me=78;conc=50;med=50;resp=13.4;z1=0;z2=0;z3=0;z4=0;z5=0;z6=0;z7=0;z8=0;z9=0
hb=20150412102116;pr=93.5;temp=36.6;at=57;me=87;conc=50;med=50;resp=13.0;z1=0;z2=0;z3=0;z4=0;z5=0;z6=0;z7=0;z8=0;z9=0
hb=20150412102117;pr=90.3;temp=36.8;at=44;me=84;conc=50;med=50;resp=13.3;z1=0;z2=0;z3=0;z4=0;z5=0;z6=0;z7=0;z8=0;z9=0
hb=20150412102118;pr=96.1;temp=36.9;at=48;me=93;conc=50;med=50;resp=13.4;z1=0;z2=0;z3=0;z4=0;z5=0;z6=0;z7=0;z8=0;z9=0
hb=20150412102119;pr=96.6;temp=36.3;at=48;me=84;conc=50;med=50;resp=12.9;z1=0;z2=0;z3=0;z4=0;z5=0;z6=0;z7=0;z8=0;z9=0
hb=20150412102120;pr=93.4;temp=36.3;at=40;me=77;conc=50;med=50;resp=13.2;z1=0;z2=0;z3=0;z4=0;z5=0;z6=0;z7=0;z8=0;z9=0
hb=20150412102121;pr=99.9;temp=36.4;at=48;me=57;conc=50;med=50;resp=13.2;z1=0;z2=0;z3=0;z4=0;z5=0;z6=0;z7=0;z8=0;z9=0
hb=20150412102122;pr=98.4;temp=36.3;at=53;me=56;conc=50;med=50;resp=13.0;z1=0;z2=0;z3=0;z4=0;z5=0;z6=0;z7=0;z8=0;z9=0
hb=20150412102123;pr=98.7;temp=37.1;at=56;me=67;conc=50;med=50;resp=13.7;z1=0;z2=0;z3=0;z4=0;z5=0;z6=0;z7=0;z8=0;z9=0
hb=20150412102124;pr=102.0;temp=36.8;at=67;me=81;conc=50;med=50;resp=13.0;z1=0;z2=0;z3=0;z4=0;z5=0;z6=0;z7=0;z8=0;z9=0
hb=20150412102126;pr=100.6;temp=37.0;at=56;me=75;conc=50;med=50;resp=13.1;z1=0;z2=0;z3=0;z4=0;z5=0;z6=0;z7=0;z8=0;z9=0
hb=20150412102127;pr=102.2;temp=37.0;at=53;me=67;conc=50;med=50;resp=13.4;z1=0;z2=0;z3=0;z4=0;z5=0;z6=0;z7=0;z8=0;z9=0
hb=20150412102128;pr=102.8;temp=37.0;at=60;me=53;conc=50;med=50;resp=13.1;z1=0;z2=0;z3=0;z4=0;z5=0;z6=0;z7=0;z8=0;z9=0
hb=20150412102129;pr=103.1;temp=36.8;at=75;me=48;conc=50;med=50;resp=13.4;z1=0;z2=0;z3=0;z4=0;z5=0;z6=0;z7=0;z8=0;z9=0
hb=20150412102130;pr=105.5;temp=36.4;at=80;me=51;conc=50;med=50;resp=13.7;z1=0;z2=0;z3=0;z4=0;z5=0;z6=0;z7=0;z8=0;z9=0
hb=20150412102132;pr=109.8;temp=37.0;at=81;me=44;conc=50;med=50;resp=13.3;z1=0;z2=0;z3=0;z4=0;z5=0;z6=0;z7=0;z8=0;z9=0
hb=20150412102133;pr=110.4;temp=36.5;at=81;me=44;conc=50;med=50;resp=13.1;z1=0;z2=0;z3=0;z4=0;z5=0;z6=0;z7=0;z8=0;z9=0
hb=20150412102134;pr=110.0;temp=36.8;at=64;me=66;conc=50;med=50;resp=13.2;z1=0;z2=0;z3=0;z4=0;z5=0;z6=0;z7=0;z8=0;z9=0
hb=20150412102135;pr=109.6;temp=36.7;at=51;me=78;conc=50;med=50;resp=13.4;z1=0;z2=0;z3=0;z4=0;z5=0;z6=0;z7=0;z8=0;z9=0
hb=20150412102136;pr=110.4;temp=36.8;at=60;me=80;conc=50;med=50;resp=13.3;z1=0;z2=0;z3=0;z4=0;z5=0;z6=0;z7=0;z8=0;z9=0
hb=20150412102137;pr=115.1;temp=37.1;at=61;me=56;conc=50;med=50;resp=13.9;z1=0;z2=0;z3=0;z4=0;z5=0;z6=0;z7=0;z8=0;z9=0
hb=20150412102138;pr=111.7;temp=36.6;at=64;me=57;conc=50;med=50;resp=13.9;z1=0;z2=0;z3=0;z4=0;z5=0;z6=0;z7=0;z8=0;z9=0
hb=20150412102139;pr=111.5;temp=37.0;at=56;me=57;conc=50;med=50;resp=13.7;z1=0;z2=0;z3=0;z4=0;z5=0;z6=0;z7=0;z8=0;z9=0
hb=20150412102140;pr=112.8;temp=36.5;at=56;me=61;conc=50;med=50;resp=13.3;z1=0;z2=0;z3=0;z4=0;z5=0;z6=0;z7=0;z8=0;z9=0
hb=20150412102142;pr=117.9;temp=36.9;at=67;me=61;conc=50;med=50;resp=13.5;z1=0;z2=0;z3=0;z4=0;z5=0;z6=0;z7=0;z8=0;z9=0
hb=20150412102143;pr=115.6;temp=36.5;at=67;me=64;conc=50;med=50;resp=14.0;z1=0;z2=0;z3=0;z4=0;z5=0;z6=0;z7=0;z8=0;z9=0
hb=20150412102144;pr=116.3;temp=36.6;at=67;me=64;conc=50;med=50;resp=13.7;z1=0;z2=0;z3=0;z4=0;z5=0;z6=0;z7=0;z8=0;z9=0
hb=20150412102145;pr=117.7;temp=36.8;at=51;me=38;conc=50;med=50;resp=13.8;z1=0;z2=0;z3=0;z4=0;z5=0;z6=0;z7=0;z8=0;z9=0
hb=20150412102146;pr=118.4;temp=36.9;at=54;me=41;conc=50;med=50;resp=14.1;z1=0;z2=0;z3=0;z4=0;z5=0;z6=0;z7=0;z8=0;z9=0
hb=20150412102147;pr=124.0;temp=37.1;at=67;me=24;conc=50;med=50;resp=13.5;z1=0;z2=0;z3=0;z4=0;z5=0;z6=0;z7=0;z8=0;z9=0
hb=20150412102148;pr=120.8;temp=36.9;at=75;me=37;conc=50;med=50;resp=13.4;z1=0;z2=0;z3=0;z4=0;z5=0;z6=0;z7=0;z8=0;z9=0
hb=20150412102149;pr=126.5;temp=36.7;at=96;me=30;conc=50;med=50;resp=13.7;z1=0;z2=0;z3=0;z4=0;z5=0;z6=0;z7=0;z8=0;z9=0
hb=20150412102150;pr=124.6;temp=36.7;at=84;me=51;conc=50;med=50;resp=13.7;z1=0;z2=0;z3=0;z4=0;z5=0;z6=0;z7=0;z8=0;z9=0
hb=20150412102151;pr=128.0;temp=37.0;at=84;me=56;conc=50;med=50;resp=13.9;z1=0;z2=0;z3=0;z4=0;z5=0;z6=0;z7=0;z8=0;z9=0
hb=20150412102152;pr=128.8;temp=36.8;at=77;me=60;conc=50;med=50;resp=13.5;z1=0;z2=0;z3=0;z4=0;z5=0;z6=0;z7=0;z8=0;z9=0
hb=20150412102154;pr=130.2;temp=37.0;at=67;me=64;conc=50;med=50;resp=14.1;z1=0;z2=0;z3=0;z4=0;z5=0;z6=0;z7=0;z8=0;z9=0
hb=20150412102155;pr=128.9;temp=36.9;at=63;me=70;conc=50;med=50;resp=13.6;z1=0;z2=0;z3=0;z4=0;z5=0;z6=0;z7=0;z8=0;z9=0
hb=20150412102156;pr=128.2;temp=37.2;at=48;me=64;conc=50;med=50;resp=13.9;z1=0;z2=0;z3=0;z4=0;z5=0;z6=0;z7=0;z8=0;z9=0
hb=20150412102157;pr=128.9;temp=37.2;at=75;me=61;conc=50;med=50;resp=14.1;z1=0;z2=0;z3=0;z4=0;z5=0;z6=0;z7=0;z8=0;z9=0
hb=20150412102158;pr=131.3;temp=37.2;at=69;me=57;conc=50;med=50;resp=14.0;z1=0;z2=0;z3=0;z4=0;z5=0;z6=0;z7=0;z8=0;z9=0
hb=20150412102159;pr=129.6;temp=37.3;at=87;me=63;conc=50;med=50;resp=13.9;z1=0;z2=0;z3=0;z4=0;z5=0;z6=0;z7=0;z8=0;z9=0
hb=20150412102200;pr=130.0;temp=37.2;at=78;me=66;conc=50;med=50;resp=13.8;z1=0;z2=0;z3=0;z4=0;z5=0;z6=0;z7=0;z8=0;z9=0
hb=20150412102201;pr=132.2;temp=37.1;at=66;me=78;conc=50;med=50;resp=14.1;z1=0;z2=0;z3=0;z4=0;z5=0;z6=0;z7=0;z8=0;z9=0
hb=20150412102202;pr=132.2;temp=36.8;at=81;me=56;conc=50;med=50;resp=14.3;z1=0;z2=0;z3=0;z4=0;z5=0;z6=0;z7=0;z8=0;z9=0
hb=20150412102203;pr=137.4;temp=36.9;at=84;me=50;conc=50;med=50;resp=14.6;z1=0;z2=0;z3=0;z4=0;z5=0;z6=0;z7=0;z8=0;z9=0
hb=20150412102204;pr=137.5;temp=36.8;at=100;me=38;conc=50;med=50;resp=13.8;z1=0;z2=0;z3=0;z4=0;z5=0;z6=0;z7=0;z8=0;z9=0
hb=20150412102206;pr=140.1;temp=36.8;at=100;me=27;conc=50;med=50;resp=14.0;z1=0;z2=0;z3=0;z4=0;z5=0;z6=0;z7=0;z8=0;z9=0
hb=20150412102207;pr=141.0;temp=37.0;at=91;me=44;conc=50;med=50;resp=14.2;z1=0;z2=0;z3=0;z4=0;z5=0;z6=0;z7=0;z8=0;z9=0
hb=20150412102208;pr=138.7;temp=37.1;at=84;me=51;conc=50;med=50;resp=14.1;z1=0;z2=0;z3=0;z4=0;z5=0;z6=0;z7=0;z8=0;z9=0
hb=20150412102209;pr=140.8;temp=37.2;at=66;me=64;conc=50;med=50;resp=14.1;z1=0;z2=0;z3=0;z4=0;z5=0;z6=0;z7=0;z8=0;z9=0
hb=20150412102210;pr=141.3;temp=37.0;at=66;me=64;conc=50;med=50;resp=14.0;z1=0;z2=0;z3=0;z4=0;z5=0;z6=0;z7=0;z8=0;z9=0
hb=20150412102211;pr=141.4;temp=37.4;at=57;me=66;conc=50;med=50;resp=14.0;z1=0;z2=0;z3=0;z4=0;z5=0;z6=0;z7=0;z8=0;z9=0
hb=20150412102212;pr=142.7;temp=37.5;at=57;me=66;conc=50;med=50;resp=14.5;z1=0;z2=0;z3=0;z4=0;z5=0;z6=0;z7=0;z8=0;z9=0
hb=20150412102213;pr=147.5;temp=37.2;at=61;me=66;conc=50;med=50;resp=14.7;z1=0;z2=0;z3=0;z4=0;z5=0;z6=0;z7=0;z8=0;z9=0
hb=20150412102214;pr=143.4;temp=37.3;at=51;me=74;conc=50;med=50;resp=14.1;z1=0;z2=0;z3=0;z4=0;z5=0;z6=0;z7=0;z8=0;z9=0
hb=20150412102215;pr=148.6;temp=37.0;at=67;me=54;conc=50;med=50;resp=14.3;z1=0;z2=0;z3=0;z4=0;z5=0;z6=0;z7=0;z8=0;z9=0
hb=20150412102216;pr=146.5;temp=37.3;at=70;me=57;conc=50;med=50;resp=14.1;z1=0;z2=0;z3=0;z4=0;z5=0;z6=0;z7=0;z8=0;z9=0
hb=20150412102217;pr=146.3;temp=36.9;at=61;me=66;conc=50;med=50;resp=14.8;z1=0;z2=0;z3=0;z4=0;z5=0;z6=0;z7=0;z8=0;z9=0
hb=20150412102218;pr=147.5;temp=37.3;at=50;me=54;conc=50;med=50;resp=14.7;z1=0;z2=0;z3=0;z4=0;z5=0;z6=0;z7=0;z8=0;z9=0
hb=20150412102219;pr=151.8;temp=36.8;at=35;me=60;conc=50;med=50;resp=14.5;z1=0;z2=0;z3=0;z4=0;z5=0;z6=0;z7=0;z8=0;z9=0
hb=20150412102220;pr=151.9;temp=37.1;at=26;me=61;conc=50;med=50;resp=14.5;z1=0;z2=0;z3=0;z4=0;z5=0;z6=0;z7=0;z8=0;z9=0
hb=20150412102222;pr=150.2;temp=37.4;at=17;me=61;conc=50;med=50;resp=14.7;z1=0;z2=0;z3=0;z4=0;z5=0;z6=0;z7=0;z8=0;z9=0
hb=20150412102223;pr=152.6;temp=37.1;at=40;me=81;conc=50;med=50;resp=14.7;z1=0;z2=0;z3=0;z4=0;z5=0;z6=0;z7=0;z8=0;z9=0
hb=20150412102224;pr=157.3;temp=37.1;at=44;me=70;conc=50;med=50;resp=14.3;z1=0;z2=0;z3=0;z4=0;z5=0;z6=0;z7=0;z8=0;z9=0
hb=20150412102225;pr=154.4;temp=37.3;at=51;me=56;conc=50;med=50;resp=15.1;z1=0;z2=0;z3=0;z4=0;z5=0;z6=0;z7=0;z8=0;z9=0
hb=20150412102226;pr=160.4;temp=37.3;at=27;me=50;conc=50;med=50;resp=14.3;z1=0;z2=0;z3=0;z4=0;z5=0;z6=0;z7=0;z8=0;z9=0
hb=20150412102227;pr=158.5;temp=37.6;at=8;me=40;conc=50;med=50;resp=14.6;z1=0;z2=0;z3=0;z4=0;z5=0;z6=0;z7=0;z8=0;z9=0
hb=20150412102228;pr=159.8;temp=36.9;at=8;me=40;conc=50;med=50;resp=14.4;z1=0;z2=0;z3=0;z4=0;z5=0;z6=0;z7=0;z8=0;z9=0
hb=20150412102229;pr=161.0;temp=37.2;at=3;me=30;conc=50;med=50;resp=15.0;z1=0;z2=0;z3=0;z4=0;z5=0;z6=0;z7=0;z8=0;z9=0
hb=20150412102230;pr=163.5;temp=37.3;at=4;me=20;conc=50;med=50;resp=14.8;z1=0;z2=0;z3=0;z4=0;z5=0;z6=0;z7=0;z8=0;z9=0
hb=20150412102231;pr=165.0;temp=37.3;at=16;me=37;conc=50;med=50;resp=14.4;z1=0;z2=0;z3=0;z4=0;z5=0;z6=0;z7=0;z8=0;z9=0
hb=20150412102232;pr=163.9;temp=37.3;at=24;me=54;conc=50;med=50;resp=15.3;z1=0;z2=0;z3=0;z4=0;z5=0;z6=0;z7=0;z8=0;z9=0
hb=20150412102233;pr=165.0;temp=37.7;at=21;me=57;conc=50;med=50;resp=14.6;z1=0;z2=0;z3=0;z4=0;z5=0;z6=0;z7=0;z8=0;z9=0
hb=20150412102234;pr=162.6;temp=37.6;at=24;me=87;conc=50;med=50;resp=15.1;z1=0;z2=0;z3=0;z4=0;z5=0;z6=0;z7=0;z8=0;z9=0
hb=20150412102235;pr=165.3;temp=37.4;at=41;me=83;conc=50;med=50;resp=14.9;z1=0;z2=0;z3=0;z4=0;z5=0;z6=0;z7=0;z8=0;z9=0
hb=20150412102236;pr=166.1;temp=37.0;at=35;me=96;conc=50;med=50;resp=14.6;z1=0;z2=0;z3=0;z4=0;z5=0;z6=0;z7=0;z8=0;z9=0
hb=20150412102238;pr=168.1;temp=37.1;at=38;me=100;conc=50;med=50;resp=14.9;z1=0;z2=0;z3=0;z4=0;z5=0;z6=0;z7=0;z8=0;z9=0
hb=20150412102239;pr=169.7;temp=37.6;at=53;me=83;conc=50;med=50;resp=14.8;z1=0;z2=0;z3=0;z4=0;z5=0;z6=0;z7=0;z8=0;z9=0
hb=20150412102240;pr=167.2;temp=37.4;at=78;me=81;conc=50;med=50;resp=15.2;z1=0;z2=0;z3=0;z4=0;z5=0;z6=0;z7=0;z8=0;z9=0
hb=20150412102241;pr=173.9;temp=37.2;at=80;me=69;conc=50;med=50;resp=15.3;z1=0;z2=0;z3=0;z4=0;z5=0;z6=0;z7=0;z8=0;z9=0
hb=20150412102242;pr=171.5;temp=37.6;at=63;me=78;conc=50;med=50;resp=14.7;z1=0;z2=0;z3=0;z4=0;z5=0;z6=0;z7=0;z8=0;z9=0
hb=20150412102243;pr=175.7;temp=37.2;at=44;me=87;conc=50;med=50;resp=14.7;z1=0;z2=0;z3=0;z4=0;z5=0;z6=0;z7=0;z8=0;z9=0
hb=20150412102244;pr=175.7;temp=37.1;at=26;me=97;conc=50;med=50;resp=15.2;z1=0;z2=0;z3=0;z4=0;z5=0;z6=0;z7=0;z8=0;z9=0
hb=20150412102245;pr=174.5;temp=37.1;at=20;me=96;conc=50;med=50;resp=15.3;z1=0;z2=0;z3=0;z4=0;z5=0;z6=0;z7=0;z8=0;z9=0
hb=20150412102246;pr=174.2;temp=37.5;at=21;me=100;conc=50;med=50;resp=14.8;z1=0;z2=0;z3=0;z4=0;z5=0;z6=0;z7=0;z8=0;z9=0
hb=20150412102247;pr=174.4;temp=37.3;at=29;me=100;conc=50;med=50;resp=15.0;z1=0;z2=0;z3=0;z4=0;z5=0;z6=0;z7=0;z8=0;z9=0
hb=20150412102248;pr=178.8;temp=37.7;at=30;me=100;conc=50;med=50;resp=14.8;z1=0;z2=0;z3=0;z4=0;z5=0;z6=0;z7=0;z8=0;z9=0
hb=20150412102249;pr=178.9;temp=37.8;at=23;me=100;conc=50;med=50;resp=14.9;z1=0;z2=0;z3=0;z4=0;z5=0;z6=0;z7=0;z8=0;z9=0
hb=20150412102250;pr=182.4;temp=37.7;at=41;me=100;conc=50;med=50;resp=15.4;z1=0;z2=0;z3=0;z4=0;z5=0;z6=0;z7=0;z8=0;z9=0
hb=20150412102252;pr=183.7;temp=37.4;at=38;me=88;conc=50;med=50;resp=15.1;z1=0;z2=0;z3=0;z4=0;z5=0;z6=0;z7=0;z8=0;z9=0
hb=20150412102253;pr=184.7;temp=37.4;at=43;me=67;conc=50;med=50;resp=15.6;z1=0;z2=0;z3=0;z4=0;z5=0;z6=0;z7=0;z8=0;z9=0
hb=20150412102254;pr=143.8;temp=38.2;at=35;me=69;conc=50;med=50;resp=22.3;z1=0;z2=0;z3=0;z4=0;z5=0;z6=0;z7=0;z8=0;z9=0
hb=20150412102255;pr=142.8;temp=38.6;at=41;me=77;conc=50;med=50;resp=22.4;z1=0;z2=0;z3=0;z4=0;z5=0;z6=0;z7=0;z8=0;z9=0
hb=20150412102256;pr=145.6;temp=38.3;at=27;me=80;conc=50;med=50;resp=22.5;z1=0;z2=0;z3=0;z4=0;z5=0;z6=0;z7=0;z8=0;z9=0
hb=20150412102257;pr=145.2;temp=38.1;at=26;me=84;conc=50;med=50;resp=22.2;z1=0;z2=0;z3=0;z4=0;z5=0;z6=0;z7=0;z8=0;z9=0
hb=20150412102258;pr=143.1;temp=38.8;at=7;me=100;conc=50;med=50;resp=22.0;z1=0;z2=0;z3=0;z4=0;z5=0;z6=0;z7=0;z8=0;z9=0
hb=20150412102259;pr=144.2;temp=38.1;at=1;me=97;conc=50;med=50;resp=22.7;z1=0;z2=0;z3=0;z4=0;z5=0;z6=0;z7=0;z8=0;z9=0
hb=20150412102300;pr=143.7;temp=38.6;at=7;me=84;conc=50;med=50;resp=22.3;z1=0;z2=0;z3=0;z4=0;z5=0;z6=0;z7=0;z8=0;z9=0
hb=20150412102301;pr=142.8;temp=38.4;at=17;me=67;conc=50;med=50;resp=22.4;z1=0;z2=0;z3=0;z4=0;z5=0;z6=0;z7=0;z8=0;z9=0
hb=20150412102302;pr=146.0;temp=38.3;at=34;me=67;conc=50;med=50;resp=22.7;z1=0;z2=0;z3=0;z4=0;z5=0;z6=0;z7=0;z8=0;z9=0
hb=20150412102303;pr=145.7;temp=38.7;at=35;me=67;conc=50;med=50;resp=22.3;z1=0;z2=0;z3=0;z4=0;z5=0;z6=0;z7=0;z8=0;z9=0
hb=20150412102304;pr=145.6;temp=38.3;at=43;me=75;conc=50;med=50;resp=22.1;z1=0;z2=0;z3=0;z4=0;z5=0;z6=0;z7=0;z8=0;z9=0
hb=20150412102305;pr=144.8;temp=38.3;at=40;me=88;conc=50;med=50;resp=22.2;z1=0;z2=0;z3=0;z4=0;z5=0;z6=0;z7=0;z8=0;z9=0
hb=20150412102306;pr=143.4;temp=38.1;at=30;me=90;conc=50;med=50;resp=22.7;z1=0;z2=0;z3=0;z4=0;z5=0;z6=0;z7=0;z8=0;z9=0
hb=20150412102308;pr=144.5;temp=38.4;at=24;me=97;conc=50;med=50;resp=22.5;z1=0;z2=0;z3=0;z4=0;z5=0;z6=0;z7=0;z8=0;z9=0
hb=20150412102309;pr=142.2;temp=38.5;at=26;me=96;conc=50;med=50;resp=22.1;z1=0;z2=0;z3=0;z4=0;z5=0;z6=0;z7=0;z8=0;z9=0
hb=20150412102310;pr=142.2;temp=38.7;at=35;me=88;conc=50;med=50;resp=22.3;z1=0;z2=0;z3=0;z4=0;z5=0;z6=0;z7=0;z8=0;z9=0
hb=20150412102311;pr=144.1;temp=38.5;at=29;me=93;conc=50;med=50;resp=22.2;z1=0;z2=0;z3=0;z4=0;z5=0;z6=0;z7=0;z8=0;z9=0
hb=20150412102312;pr=145.5;temp=38.5;at=40;me=84;conc=50;med=50;resp=22.7;z1=0;z2=0;z3=0;z4=0;z5=0;z6=0;z7=0;z8=0;z9=0
hb=20150412102313;pr=140.2;temp=38.1;at=30;me=94;conc=50;med=50;resp=22.0;z1=0;z2=0;z3=0;z4=0;z5=0;z6=0;z7=0;z8=0;z9=0
hb=20150412102314;pr=145.8;temp=38.3;at=24;me=88;conc=50;med=50;resp=22.3;z1=0;z2=0;z3=0;z4=0;z5=0;z6=0;z7=0;z8=0;z9=0
hb=20150412102315;pr=143.1;temp=38.6;at=29;me=77;conc=50;med=50;resp=22.6;z1=0;z2=0;z3=0;z4=0;z5=0;z6=0;z7=0;z8=0;z9=0
hb=20150412102316;pr=142.3;temp=38.4;at=20;me=75;conc=50;med=50;resp=22.0;z1=0;z2=0;z3=0;z4=0;z5=0;z6=0;z7=0;z8=0;z9=0
hb=20150412102317;pr=143.9;temp=38.1;at=20;me=61;conc=50;med=50;resp=22.1;z1=0;z2=0;z3=0;z4=0;z5=0;z6=0;z7=0;z8=0;z9=0
hb=20150412102318;pr=145.3;temp=38.3;at=27;me=60;conc=50;med=50;resp=22.6;z1=0;z2=0;z3=0;z4=0;z5=0;z6=0;z7=0;z8=0;z9=0
hb=20150412102319;pr=146.0;temp=38.0;at=26;me=69;conc=50;med=50;resp=22.5;z1=0;z2=0;z3=0;z4=0;z5=0;z6=0;z7=0;z8=0;z9=0
hb=20150412102320;pr=140.5;temp=38.7;at=13;me=67;conc=50;med=50;resp=22.5;z1=0;z2=0;z3=0;z4=0;z5=0;z6=0;z7=0;z8=0;z9=0
hb=20150412102321;pr=144.8;temp=38.7;at=16;me=75;conc=50;med=50;resp=22.4;z1=0;z2=0;z3=0;z4=0;z5=0;z6=0;z7=0;z8=0;z9=0
hb=20150412102323;pr=144.4;temp=38.3;at=11;me=80;conc=50;med=50;resp=22.6;z1=0;z2=0;z3=0;z4=0;z5=0;z6=0;z7=0;z8=0;z9=0
hb=20150412102324;pr=142.6;temp=38.4;at=16;me=96;conc=50;med=50;resp=22.6;z1=0;z2=0;z3=0;z4=0;z5=0;z6=0;z7=0;z8=0;z9=0
hb=20150412102325;pr=142.4;temp=38.0;at=7;me=91;conc=50;med=50;resp=22.4;z1=0;z2=0;z3=0;z4=0;z5=0;z6=0;z7=0;z8=0;z9=0
hb=20150412102326;pr=142.6;temp=38.6;at=14;me=91;conc=50;med=50;resp=22.2;z1=0;z2=0;z3=0;z4=0;z5=0;z6=0;z7=0;z8=0;z9=0
hb=20150412102327;pr=145.9;temp=38.0;at=29;me=80;conc=50;med=50;resp=22.3;z1=0;z2=0;z3=0;z4=0;z5=0;z6=0;z7=0;z8=0;z9=0
hb=20150412102329;pr=142.4;temp=38.1;at=41;me=64;conc=50;med=50;resp=22.6;z1=0;z2=0;z3=0;z4=0;z5=0;z6=0;z7=0;z8=0;z9=0
hb=20150412102330;pr=142.8;temp=38.0;at=23;me=60;conc=50;med=50;resp=22.2;z1=0;z2=0;z3=0;z4=0;z5=0;z6=0;z7=0;z8=0;z9=0
hb=20150412102331;pr=145.8;temp=38.5;at=4;me=56;conc=50;med=50;resp=22.7;z1=0;z2=0;z3=0;z4=0;z5=0;z6=0;z7=0;z8=0;z9=0
hb=20150412102332;pr=145.0;temp=38.3;at=3;me=56;conc=50;med=50;resp=22.7;z1=0;z2=0;z3=0;z4=0;z5=0;z6=0;z7=0;z8=0;z9=0
hb=20150412102333;pr=144.6;temp=38.1;at=1;me=67;conc=50;med=50;resp=22.5;z1=0;z2=0;z3=0;z4=0;z5=0;z6=0;z7=0;z8=0;z9=0
hb=20150412102334;pr=142.8;temp=38.6;at=1;me=78;conc=50;med=50;resp=22.5;z1=0;z2=0;z3=0;z4=0;z5=0;z6=0;z7=0;z8=0;z9=0
hb=20150412102335;pr=144.1;temp=38.2;at=3;me=81;conc=50;med=50;resp=22.5;z1=0;z2=0;z3=0;z4=0;z5=0;z6=0;z7=0;z8=0;z9=0
hb=20150412102336;pr=142.2;temp=38.6;at=8;me=83;conc=50;med=50;resp=22.0;z1=0;z2=0;z3=0;z4=0;z5=0;z6=0;z7=0;z8=0;z9=0
hb=20150412102337;pr=141.4;temp=38.1;at=20;me=64;conc=50;med=50;resp=22.7;z1=0;z2=0;z3=0;z4=0;z5=0;z6=0;z7=0;z8=0;z9=0
hb=20150412102338;pr=144.1;temp=38.6;at=27;me=66;conc=50;med=50;resp=22.0;z1=0;z2=0;z3=0;z4=0;z5=0;z6=0;z7=0;z8=0;z9=0
hb=20150412102340;pr=142.4;temp=38.7;at=17;me=70;conc=50;med=50;resp=22.0;z1=0;z2=0;z3=0;z4=0;z5=0;z6=0;z7=0;z8=0;z9=0
hb=20150412102341;pr=142.4;temp=38.1;at=20;me=88;conc=50;med=50;resp=22.3;z1=0;z2=0;z3=0;z4=0;z5=0;z6=0;z7=0;z8=0;z9=0
hb=20150412102342;pr=144.9;temp=38.8;at=21;me=90;conc=50;med=50;resp=22.1;z1=0;z2=0;z3=0;z4=0;z5=0;z6=0;z7=0;z8=0;z9=0
hb=20150412102343;pr=144.0;temp=38.1;at=13;me=90;conc=50;med=50;resp=22.1;z1=0;z2=0;z3=0;z4=0;z5=0;z6=0;z7=0;z8=0;z9=0
hb=20150412102344;pr=145.5;temp=38.6;at=27;me=91;conc=50;med=50;resp=22.2;z1=0;z2=0;z3=0;z4=0;z5=0;z6=0;z7=0;z8=0;z9=0
hb=20150412102345;pr=144.6;temp=38.5;at=30;me=80;conc=50;med=50;resp=22.3;z1=0;z2=0;z3=0;z4=0;z5=0;z6=0;z7=0;z8=0;z9=0
hb=20150412102346;pr=142.1;temp=38.0;at=24;me=84;conc=50;med=50;resp=22.6;z1=0;z2=0;z3=0;z4=0;z5=0;z6=0;z7=0;z8=0;z9=0
hb=20150412102347;pr=145.6;temp=38.2;at=20;me=81;conc=50;med=50;resp=22.4;z1=0;z2=0;z3=0;z4=0;z5=0;z6=0;z7=0;z8=0;z9=0
hb=20150412102348;pr=141.7;temp=38.0;at=21;me=74;conc=50;med=50;resp=22.0;z1=0;z2=0;z3=0;z4=0;z5=0;z6=0;z7=0;z8=0;z9=0
hb=20150412102349;pr=145.1;temp=38.6;at=20;me=69;conc=50;med=50;resp=22.1;z1=0;z2=0;z3=0;z4=0;z5=0;z6=0;z7=0;z8=0;z9=0
hb=20150412102350;pr=143.3;temp=38.0;at=26;me=61;conc=50;med=50;resp=22.2;z1=0;z2=0;z3=0;z4=0;z5=0;z6=0;z7=0;z8=0;z9=0
hb=20150412102351;pr=140.7;temp=38.5;at=30;me=61;conc=50;med=50;resp=22.0;z1=0;z2=0;z3=0;z4=0;z5=0;z6=0;z7=0;z8=0;z9=0
hb=20150412102352;pr=141.1;temp=38.6;at=41;me=64;conc=50;med=50;resp=22.4;z1=0;z2=0;z3=0;z4=0;z5=0;z6=0;z7=0;z8=0;z9=0
hb=20150412102353;pr=145.5;temp=38.5;at=40;me=80;conc=50;med=50;resp=22.5;z1=0;z2=0;z3=0;z4=0;z5=0;z6=0;z7=0;z8=0;z9=0
hb=20150412102354;pr=143.4;temp=38.2;at=37;me=70;conc=50;med=50;resp=22.4;z1=0;z2=0;z3=0;z4=0;z5=0;z6=0;z7=0;z8=0;z9=0
hb=20150412102356;pr=144.9;temp=38.3;at=41;me=60;conc=50;med=50;resp=22.1;z1=0;z2=0;z3=0;z4=0;z5=0;z6=0;z7=0;z8=0;z9=0
hb=20150412102357;pr=140.1;temp=38.2;at=29;me=43;conc=50;med=50;resp=22.1;z1=0;z2=0;z3=0;z4=0;z5=0;z6=0;z7=0;z8=0;z9=0
hb=20150412102358;pr=143.9;temp=38.6;at=38;me=23;conc=50;med=50;resp=22.4;z1=0;z2=0;z3=0;z4=0;z5=0;z6=0;z7=0;z8=0;z9=0
hb=20150412102359;pr=144.7;temp=38.0;at=44;me=14;conc=50;med=50;resp=22.3;z1=0;z2=0;z3=0;z4=0;z5=0;z6=0;z7=0;z8=0;z9=0
hb=20150412102400;pr=145.8;temp=38.7;at=51;me=27;conc=50;med=50;resp=22.7;z1=0;z2=0;z3=0;z4=0;z5=0;z6=0;z7=0;z8=0;z9=0
hb=20150412102401;pr=144.2;temp=38.0;at=51;me=47;conc=50;med=50;resp=22.3;z1=0;z2=0;z3=0;z4=0;z5=0;z6=0;z7=0;z8=0;z9=0
hb=20150412102402;pr=141.9;temp=38.3;at=37;me=48;conc=50;med=50;resp=22.8;z1=0;z2=0;z3=0;z4=0;z5=0;z6=0;z7=0;z8=0;z9=0
hb=20150412102403;pr=143.5;temp=38.0;at=38;me=66;conc=50;med=50;resp=22.7;z1=0;z2=0;z3=0;z4=0;z5=0;z6=0;z7=0;z8=0;z9=0
hb=20150412102404;pr=143.3;temp=38.1;at=34;me=70;conc=50;med=50;resp=22.5;z1=0;z2=0;z3=0;z4=0;z5=0;z6=0;z7=0;z8=0;z9=0
hb=20150412102405;pr=141.3;temp=38.5;at=35;me=87;conc=50;med=50;resp=22.6;z1=0;z2=0;z3=0;z4=0;z5=0;z6=0;z7=0;z8=0;z9=0
hb=20150412102406;pr=144.8;temp=38.5;at=21;me=100;conc=50;med=50;resp=22.0;z1=0;z2=0;z3=0;z4=0;z5=0;z6=0;z7=0;z8=0;z9=0
hb=20150412102407;pr=143.1;temp=38.0;at=20;me=96;conc=50;med=50;resp=22.6;z1=0;z2=0;z3=0;z4=0;z5=0;z6=0;z7=0;z8=0;z9=0
hb=20150412102408;pr=145.6;temp=38.2;at=17;me=88;conc=50;med=50;resp=22.0;z1=0;z2=0;z3=0;z4=0;z5=0;z6=0;z7=0;z8=0;z9=0
hb=20150412102409;pr=143.2;temp=38.1;at=48;me=77;conc=50;med=50;resp=22.0;z1=0;z2=0;z3=0;z4=0;z5=0;z6=0;z7=0;z8=0;z9=0
hb=20150412102411;pr=143.8;temp=38.0;at=40;me=69;conc=50;med=50;resp=22.0;z1=0;z2=0;z3=0;z4=0;z5=0;z6=0;z7=0;z8=0;z9=0
hb=20150412102412;pr=144.1;temp=38.2;at=35;me=75;conc=50;med=50;resp=22.6;z1=0;z2=0;z3=0;z4=0;z5=0;z6=0;z7=0;z8=0;z9=0
hb=20150412102413;pr=143.6;temp=38.3;at=51;me=69;conc=50;med=50;resp=22.8;z1=0;z2=0;z3=0;z4=0;z5=0;z6=0;z7=0;z8=0;z9=0
hb=20150412102414;pr=143.4;temp=38.2;at=26;me=67;conc=50;med=50;resp=22.5;z1=0;z2=0;z3=0;z4=0;z5=0;z6=0;z7=0;z8=0;z9=0
hb=20150412102415;pr=142.7;temp=38.1;at=30;me=48;conc=50;med=50;resp=22.1;z1=0;z2=0;z3=0;z4=0;z5=0;z6=0;z7=0;z8=0;z9=0
hb=20150412102416;pr=146.4;temp=38.8;at=35;me=35;conc=50;med=50;resp=22.4;z1=0;z2=0;z3=0;z4=0;z5=0;z6=0;z7=0;z8=0;z9=0
hb=20150412102418;pr=141.4;temp=38.7;at=30;me=20;conc=50;med=50;resp=22.6;z1=0;z2=0;z3=0;z4=0;z5=0;z6=0;z7=0;z8=0;z9=0
hb=20150412102419;pr=141.4;temp=38.3;at=57;me=23;conc=50;med=50;resp=22.0;z1=0;z2=0;z3=0;z4=0;z5=0;z6=0;z7=0;z8=0;z9=0
hb=20150412102420;pr=141.2;temp=38.3;at=88;me=17;conc=50;med=50;resp=22.4;z1=0;z2=0;z3=0;z4=0;z5=0;z6=0;z7=0;z8=0;z9=0
hb=20150412102421;pr=144.9;temp=38.0;at=81;me=38;conc=50;med=50;resp=22.2;z1=0;z2=0;z3=0;z4=0;z5=0;z6=0;z7=0;z8=0;z9=0
hb=20150412102422;pr=143.5;temp=38.6;at=77;me=44;conc=50;med=50;resp=22.5;z1=0;z2=0;z3=0;z4=0;z5=0;z6=0;z7=0;z8=0;z9=0
hb=20150412102423;pr=146.0;temp=38.3;at=77;me=53;conc=50;med=50;resp=22.7;z1=0;z2=0;z3=0;z4=0;z5=0;z6=0;z7=0;z8=0;z9=0
hb=20150412102425;pr=144.2;temp=38.6;at=64;me=43;conc=50;med=50;resp=22.2;z1=0;z2=0;z3=0;z4=0;z5=0;z6=0;z7=0;z8=0;z9=0
hb=20150412102426;pr=145.6;temp=38.1;at=70;me=41;conc=50;med=50;resp=22.4;z1=0;z2=0;z3=0;z4=0;z5=0;z6=0;z7=0;z8=0;z9=0
hb=20150412102427;pr=141.0;temp=38.2;at=57;me=29;conc=50;med=50;resp=22.5;z1=0;z2=0;z3=0;z4=0;z5=0;z6=0;z7=0;z8=0;z9=0
hb=20150412102428;pr=141.8;temp=38.4;at=43;me=37;conc=50;med=50;resp=22.3;z1=0;z2=0;z3=0;z4=0;z5=0;z6=0;z7=0;z8=0;z9=0
hb=20150412102429;pr=144.2;temp=38.4;at=50;me=38;conc=50;med=50;resp=22.4;z1=0;z2=0;z3=0;z4=0;z5=0;z6=0;z7=0;z8=0;z9=0
hb=20150412102430;pr=143.1;temp=38.6;at=43;me=34;conc=50;med=50;resp=22.1;z1=0;z2=0;z3=0;z4=0;z5=0;z6=0;z7=0;z8=0;z9=0
hb=20150412102431;pr=142.5;temp=38.3;at=53;me=16;conc=50;med=50;resp=22.1;z1=0;z2=0;z3=0;z4=0;z5=0;z6=0;z7=0;z8=0;z9=0
hb=20150412102432;pr=141.3;temp=38.0;at=48;me=23;conc=50;med=50;resp=22.2;z1=0;z2=0;z3=0;z4=0;z5=0;z6=0;z7=0;z8=0;z9=0
hb=20150412102433;pr=142.7;temp=38.2;at=51;me=30;conc=50;med=50;resp=22.8;z1=0;z2=0;z3=0;z4=0;z5=0;z6=0;z7=0;z8=0;z9=0
hb=20150412102434;pr=142.5;temp=38.0;at=48;me=35;conc=50;med=50;resp=22.5;z1=0;z2=0;z3=0;z4=0;z5=0;z6=0;z7=0;z8=0;z9=0
hb=20150412102435;pr=145.4;temp=38.4;at=43;me=29;conc=50;med=50;resp=22.2;z1=0;z2=0;z3=0;z4=0;z5=0;z6=0;z7=0;z8=0;z9=0
hb=20150412102436;pr=140.1;temp=38.7;at=63;me=23;conc=50;med=50;resp=22.1;z1=0;z2=0;z3=0;z4=0;z5=0;z6=0;z7=0;z8=0;z9=0
hb=20150412102437;pr=143.9;temp=38.4;at=53;me=20;conc=50;med=50;resp=22.0;z1=0;z2=0;z3=0;z4=0;z5=0;z6=0;z7=0;z8=0;z9=0
hb=20150412102439;pr=144.5;temp=38.3;at=56;me=14;conc=50;med=50;resp=22.2;z1=0;z2=0;z3=0;z4=0;z5=0;z6=0;z7=0;z8=0;z9=0
hb=20150412102440;pr=140.9;temp=38.2;at=61;me=23;conc=50;med=50;resp=22.5;z1=0;z2=0;z3=0;z4=0;z5=0;z6=0;z7=0;z8=0;z9=0
hb=20150412102441;pr=143.3;temp=38.5;at=47;me=27;conc=50;med=50;resp=22.4;z1=0;z2=0;z3=0;z4=0;z5=0;z6=0;z7=0;z8=0;z9=0
hb=20150412102442;pr=143.6;temp=38.5;at=61;me=29;conc=50;med=50;resp=22.4;z1=0;z2=0;z3=0;z4=0;z5=0;z6=0;z7=0;z8=0;z9=0
hb=20150412102443;pr=144.4;temp=38.4;at=60;me=44;conc=50;med=50;resp=22.5;z1=0;z2=0;z3=0;z4=0;z5=0;z6=0;z7=0;z8=0;z9=0
hb=20150412102444;pr=142.5;temp=38.4;at=57;me=43;conc=50;med=50;resp=22.0;z1=0;z2=0;z3=0;z4=0;z5=0;z6=0;z7=0;z8=0;z9=0
hb=20150412102445;pr=144.0;temp=38.3;at=66;me=44;conc=50;med=50;resp=22.2;z1=0;z2=0;z3=0;z4=0;z5=0;z6=0;z7=0;z8=0;z9=0
hb=20150412102446;pr=145.7;temp=38.6;at=67;me=47;conc=50;med=50;resp=22.3;z1=0;z2=0;z3=0;z4=0;z5=0;z6=0;z7=0;z8=0;z9=0
hb=20150412102447;pr=142.3;temp=38.0;at=60;me=44;conc=50;med=50;resp=22.3;z1=0;z2=0;z3=0;z4=0;z5=0;z6=0;z7=0;z8=0;z9=0
hb=20150412102448;pr=143.2;temp=38.0;at=60;me=50;conc=50;med=50;resp=22.7;z1=0;z2=0;z3=0;z4=0;z5=0;z6=0;z7=0;z8=0;z9=0
hb=20150412102449;pr=146.5;temp=38.1;at=51;me=47;conc=50;med=50;resp=22.3;z1=0;z2=0;z3=0;z4=0;z5=0;z6=0;z7=0;z8=0;z9=0
hb=20150412102450;pr=143.7;temp=38.6;at=63;me=34;conc=50;med=50;resp=22.3;z1=0;z2=0;z3=0;z4=0;z5=0;z6=0;z7=0;z8=0;z9=0
hb=20150412102451;pr=141.0;temp=38.7;at=57;me=26;conc=50;med=50;resp=22.4;z1=0;z2=0;z3=0;z4=0;z5=0;z6=0;z7=0;z8=0;z9=0
hb=20150412102452;pr=146.2;temp=38.6;at=50;me=23;conc=50;med=50;resp=22.2;z1=0;z2=0;z3=0;z4=0;z5=0;z6=0;z7=0;z8=0;z9=0
hb=20150412102454;pr=142.7;temp=38.1;at=44;me=27;conc=50;med=50;resp=22.6;z1=0;z2=0;z3=0;z4=0;z5=0;z6=0;z7=0;z8=0;z9=0
hb=20150412102455;pr=142.2;temp=38.3;at=35;me=50;conc=50;med=50;resp=22.0;z1=0;z2=0;z3=0;z4=0;z5=0;z6=0;z7=0;z8=0;z9=0
hb=20150412102456;pr=140.0;temp=38.5;at=51;me=57;conc=50;med=50;resp=22.2;z1=0;z2=0;z3=0;z4=0;z5=0;z6=0;z7=0;z8=0;z9=0
hb=20150412102457;pr=144.4;temp=38.7;at=56;me=74;conc=50;med=50;resp=22.5;z1=0;z2=0;z3=0;z4=0;z5=0;z6=0;z7=0;z8=0;z9=0
hb=20150412102458;pr=145.2;temp=38.1;at=67;me=78;conc=50;med=50;resp=22.5;z1=0;z2=0;z3=0;z4=0;z5=0;z6=0;z7=0;z8=0;z9=0
hb=20150412102459;pr=145.4;temp=38.8;at=75;me=69;conc=50;med=50;resp=22.0;z1=0;z2=0;z3=0;z4=0;z5=0;z6=0;z7=0;z8=0;z9=0
hb=20150412102500;pr=142.4;temp=38.1;at=57;me=38;conc=50;med=50;resp=22.5;z1=0;z2=0;z3=0;z4=0;z5=0;z6=0;z7=0;z8=0;z9=0
hb=20150412102501;pr=143.3;temp=38.2;at=44;me=27;conc=50;med=50;resp=22.1;z1=0;z2=0;z3=0;z4=0;z5=0;z6=0;z7=0;z8=0;z9=0
hb=20150412102502;pr=140.3;temp=38.5;at=44;me=27;conc=50;med=50;resp=22.4;z1=0;z2=0;z3=0;z4=0;z5=0;z6=0;z7=0;z8=0;z9=0
hb=20150412102503;pr=144.1;temp=38.7;at=30;me=35;conc=50;med=50;resp=22.5;z1=0;z2=0;z3=0;z4=0;z5=0;z6=0;z7=0;z8=0;z9=0
hb=20150412102504;pr=144.9;temp=38.7;at=43;me=63;conc=50;med=50;resp=22.6;z1=0;z2=0;z3=0;z4=0;z5=0;z6=0;z7=0;z8=0;z9=0
hb=20150412102505;pr=141.6;temp=38.5;at=70;me=60;conc=50;med=50;resp=22.1;z1=0;z2=0;z3=0;z4=0;z5=0;z6=0;z7=0;z8=0;z9=0
hb=20150412102506;pr=141.1;temp=38.4;at=63;me=60;conc=50;med=50;resp=22.6;z1=0;z2=0;z3=0;z4=0;z5=0;z6=0;z7=0;z8=0;z9=0
hb=20150412102507;pr=140.3;temp=38.5;at=84;me=38;conc=50;med=50;resp=22.4;z1=0;z2=0;z3=0;z4=0;z5=0;z6=0;z7=0;z8=0;z9=0
hb=20150412102509;pr=146.2;temp=38.0;at=84;me=38;conc=50;med=50;resp=22.1;z1=0;z2=0;z3=0;z4=0;z5=0;z6=0;z7=0;z8=0;z9=0
hb=20150412102510;pr=141.7;temp=38.7;at=70;me=23;conc=50;med=50;resp=22.6;z1=0;z2=0;z3=0;z4=0;z5=0;z6=0;z7=0;z8=0;z9=0
hb=20150412102511;pr=142.1;temp=38.3;at=63;me=27;conc=50;med=50;resp=22.4;z1=0;z2=0;z3=0;z4=0;z5=0;z6=0;z7=0;z8=0;z9=0
hb=20150412102512;pr=142.4;temp=38.3;at=41;me=47;conc=50;med=50;resp=22.3;z1=0;z2=0;z3=0;z4=0;z5=0;z6=0;z7=0;z8=0;z9=0
hb=20150412102513;pr=141.8;temp=38.0;at=37;me=57;conc=50;med=50;resp=22.7;z1=0;z2=0;z3=0;z4=0;z5=0;z6=0;z7=0;z8=0;z9=0
hb=20150412102514;pr=140.2;temp=38.7;at=53;me=54;conc=50;med=50;resp=22.5;z1=0;z2=0;z3=0;z4=0;z5=0;z6=0;z7=0;z8=0;z9=0
hb=20150412102515;pr=145.4;temp=38.2;at=61;me=51;conc=50;med=50;resp=22.4;z1=0;z2=0;z3=0;z4=0;z5=0;z6=0;z7=0;z8=0;z9=0
hb=20150412102516;pr=146.3;temp=38.2;at=64;me=50;conc=50;med=50;resp=22.7;z1=0;z2=0;z3=0;z4=0;z5=0;z6=0;z7=0;z8=0;z9=0
hb=20150412102517;pr=143.3;temp=38.7;at=87;me=51;conc=50;med=50;resp=22.3;z1=0;z2=0;z3=0;z4=0;z5=0;z6=0;z7=0;z8=0;z9=0
hb=20150412102518;pr=140.6;temp=38.4;at=83;me=47;conc=50;med=50;resp=22.7;z1=0;z2=0;z3=0;z4=0;z5=0;z6=0;z7=0;z8=0;z9=0
hb=20150412102519;pr=141.9;temp=38.2;at=66;me=48;conc=50;med=50;resp=22.3;z1=0;z2=0;z3=0;z4=0;z5=0;z6=0;z7=0;z8=0;z9=0
hb=20150412102520;pr=145.1;temp=38.6;at=80;me=47;conc=50;med=50;resp=22.2;z1=0;z2=0;z3=0;z4=0;z5=0;z6=0;z7=0;z8=0;z9=0
hb=20150412102521;pr=146.1;temp=38.2;at=81;me=43;conc=50;med=50;resp=22.0;z1=0;z2=0;z3=0;z4=0;z5=0;z6=0;z7=0;z8=0;z9=0
hb=20150412102523;pr=141.6;temp=38.1;at=81;me=51;conc=50;med=50;resp=22.5;z1=0;z2=0;z3=0;z4=0;z5=0;z6=0;z7=0;z8=0;z9=0
hb=20150412102524;pr=140.5;temp=38.5;at=87;me=57;conc=50;med=50;resp=22.4;z1=0;z2=0;z3=0;z4=0;z5=0;z6=0;z7=0;z8=0;z9=0
hb=20150412102525;pr=141.0;temp=38.6;at=87;me=57;conc=50;med=50;resp=22.2;z1=0;z2=0;z3=0;z4=0;z5=0;z6=0;z7=0;z8=0;z9=0
hb=20150412102526;pr=142.1;temp=38.4;at=41;me=74;conc=50;med=50;resp=22.8;z1=0;z2=0;z3=0;z4=0;z5=0;z6=0;z7=0;z8=0;z9=0
hb=20150412102527;pr=141.7;temp=38.6;at=40;me=66;conc=50;med=50;resp=22.5;z1=0;z2=0;z3=0;z4=0;z5=0;z6=0;z7=0;z8=0;z9=0
hb=20150412102528;pr=142.6;temp=38.6;at=53;me=57;conc=50;med=50;resp=22.3;z1=0;z2=0;z3=0;z4=0;z5=0;z6=0;z7=0;z8=0;z9=0
hb=20150412102529;pr=142.5;temp=38.1;at=61;me=40;conc=50;med=50;resp=22.5;z1=0;z2=0;z3=0;z4=0;z5=0;z6=0;z7=0;z8=0;z9=0
hb=20150412102530;pr=145.5;temp=38.7;at=50;me=34;conc=50;med=50;resp=22.3;z1=0;z2=0;z3=0;z4=0;z5=0;z6=0;z7=0;z8=0;z9=0
hb=20150412102531;pr=146.4;temp=38.3;at=51;me=41;conc=50;med=50;resp=22.4;z1=0;z2=0;z3=0;z4=0;z5=0;z6=0;z7=0;z8=0;z9=0
hb=20150412102533;pr=142.7;temp=38.5;at=64;me=47;conc=50;med=50;resp=22.6;z1=0;z2=0;z3=0;z4=0;z5=0;z6=0;z7=0;z8=0;z9=0
hb=20150412102534;pr=140.2;temp=38.1;at=67;me=54;conc=50;med=50;resp=22.3;z1=0;z2=0;z3=0;z4=0;z5=0;z6=0;z7=0;z8=0;z9=0
hb=20150412102535;pr=141.5;temp=38.4;at=70;me=47;conc=50;med=50;resp=22.5;z1=0;z2=0;z3=0;z4=0;z5=0;z6=0;z7=0;z8=0;z9=0
hb=20150412102537;pr=144.4;temp=38.4;at=57;me=48;conc=50;med=50;resp=22.1;z1=0;z2=0;z3=0;z4=0;z5=0;z6=0;z7=0;z8=0;z9=0
hb=20150412102538;pr=145.7;temp=38.6;at=43;me=27;conc=50;med=50;resp=22.3;z1=0;z2=0;z3=0;z4=0;z5=0;z6=0;z7=0;z8=0;z9=0
